{
    "include": [
        [
            "AA",
            0
        ],
        [
            "Basket",
            [
                0,
                1
            ]
        ],
        [
            "OLM",
            0
        ],
        [
            "BS",
            0
        ]
    ],
    "lineWidth": 0.1,
    "posX": [
        [
            0.42,
            0.67,
            0.84
        ],
        [
            0.9,
            0.76,
            0.0
        ],
        [
            0.42,
            0.83,
            0.59
        ],
        [
            0.42,
            0.83,
            0.59
        ],
        [
            0.9,
            0.32,
            0.0
        ]
    ],
    "posXpost": 900.0,
    "posXpre": 1600.0,
    "posY": [
        14.461009829663437,
        70.44552539697719,
        5.195196134691313,
        79.42036742357995,
        69.75581635028222
    ],
    "posYpost": 79.42036742357995,
    "posYpre": 70.44552539697719,
    "saveData": "conns.json",
    "saveFig": true,
    "showFig": true
}